t_abs[s];t_nxtSIO[ms];t_2resp[ms];t_SIOxmit[ms];;xPos;yPos;;xPosMeas;yPosMeas;xPosRef;yPosRef;xDotDif;yDotDif;xAlfaPlt;yAlfaPlt;xThetaSrv;yThetaSrv;xPWMcmd;yPWMcmd;xPosEst;xDotEst
40.0095;34.0;;0.065058;;392;300;;;;;;;;;;;
40.0242;;14.8;;;;;;392;300;400;300;20.0;0.0;0.0;-0.0;0.3;-0.3;1444;1494;392.9;18.6;299.7;-4.4
40.0584;34.2;;0.066355;;393;301;;;;;;;;;;;
40.0731;;14.8;;;;;;393;301;400;300;20.0;20.0;0.1;-0.0;0.4;-0.1;1442;1498;393.9;18.6;300.8;2.4
40.1076;34.4;;0.063338;;394;301;;;;;;;;;;;
40.1223;;14.8;;;;;;394;301;400;300;20.0;0.0;0.1;0.0;0.5;0.2;1441;1503;394.9;18.5;301.1;3.3
40.1568;34.5;;0.064339;;395;302;;;;;;;;;;;
40.1716;;14.8;;;;;;395;302;400;300;20.0;20.0;0.1;0.0;0.5;0.3;1440;1505;395.9;18.4;302.2;7.4
40.2054;33.9;;0.058478;;396;302;;;;;;;;;;;
40.2202;;14.8;;;;;;396;302;400;300;20.0;0.0;0.1;0.1;0.6;0.5;1439;1509;396.9;18.2;302.4;6.1
40.2547;34.5;;0.057904;;396;301;;;;;;;;;;;
40.2695;;14.8;;;;;;396;301;400;300;0.0;-20.0;0.1;0.1;0.6;0.3;1439;1506;396.9;13.0;301.3;-1.0
40.3035;34.0;;0.062470;;397;301;;;;;;;;;;;
40.3182;;14.8;;;;;;397;301;400;300;20.0;0.0;0.1;0.0;0.4;0.0;1442;1500;397.6;13.1;300.9;-2.5
40.3529;34.7;;0.060393;;397;300;;;;;;;;;;;
40.3677;;14.8;;;;;;397;300;400;300;0.0;-20.0;0.1;-0.0;0.4;-0.1;1442;1498;397.6;9.5;299.9;-7.1
40.4014;33.7;;0.064975;;397;300;;;;;;;;;;;
40.4161;;14.8;;;;;;397;300;400;300;0.0;0.0;0.0;-0.0;0.2;-0.3;1446;1494;397.5;6.0;299.7;-6.2
40.4505;34.3;;0.064330;;397;300;;;;;;;;;;;
40.4652;;14.8;;;;;;397;300;400;300;0.0;0.0;0.0;-0.0;0.1;-0.3;1449;1495;397.3;3.6;299.7;-4.1
40.4997;34.4;;0.064444;;397;300;;;;;;;;;;;
40.5144;;14.8;;;;;;397;300;400;300;0.0;0.0;-0.0;-0.0;-0.0;-0.2;1450;1497;397.2;2.1;299.8;-2.4
40.5489;34.5;;0.060266;;397;300;;;;;;;;;;;
40.5636;;14.8;;;;;;397;300;400;300;0.0;0.0;-0.0;-0.0;-0.1;-0.1;1451;1498;397.1;1.3;299.9;-1.3
40.5975;33.9;;0.059029;;396;301;;;;;;;;;;;
40.6123;;14.8;;;;;;396;301;400;300;-20.0;20.0;-0.0;0.0;-0.2;0.0;1453;1500;396.1;-4.0;300.9;4.3
40.6465;34.2;;0.062204;;396;301;;;;;;;;;;;
40.6612;;14.8;;;;;;396;301;400;300;0.0;0.0;-0.1;0.0;-0.4;0.3;1458;1505;395.8;-3.9;301.2;4.3
40.6957;34.5;;0.061619;;396;301;;;;;;;;;;;
40.7105;;14.8;;;;;;396;301;400;300;0.0;0.0;-0.1;0.0;-0.4;0.3;1458;1505;395.8;-2.5;301.2;3.0
40.7446;34.1;;0.063578;;395;301;;;;;;;;;;;
40.7593;;14.8;;;;;;395;301;400;300;-20.0;0.0;-0.1;0.0;-0.4;0.2;1458;1503;394.9;-6.1;301.1;1.8
40.7936;34.2;;0.062077;;395;301;;;;;;;;;;;
40.8083;;14.8;;;;;;395;301;400;300;0.0;0.0;-0.1;0.0;-0.6;0.1;1461;1502;394.7;-4.9;301.1;0.9
40.8424;34.1;;0.064627;;395;301;;;;;;;;;;;
40.8571;;14.8;;;;;;395;301;400;300;0.0;0.0;-0.1;0.0;-0.5;0.1;1460;1502;394.8;-2.9;301.0;0.3
40.8915;34.3;;0.101044;;394;301;;;;;;;;;;;
40.9062;;14.8;;;;;;394;301;400;300;-20.0;0.0;-0.1;0.0;-0.5;0.1;1460;1501;393.9;-6.2;301.0;0.1
40.9405;34.3;;0.059320;;394;301;;;;;;;;;;;
40.9553;;14.8;;;;;;394;301;400;300;0.0;0.0;-0.1;0.0;-0.7;0.1;1463;1501;393.7;-4.9;301.0;-0.1
40.9895;34.2;;0.062815;;394;301;;;;;;;;;;;
41.0043;;14.8;;;;;;394;301;400;300;0.0;0.0;-0.1;0.0;-0.6;0.1;1461;1501;393.8;-2.8;301.0;-0.2
41.0386;34.3;;0.063579;;394;301;;;;;;;;;;;
41.0534;;14.8;;;;;;394;301;400;300;0.0;0.0;-0.1;0.0;-0.5;0.1;1459;1501;393.9;-1.1;301.0;-0.2
41.0874;34.1;;0.065136;;395;301;;;;;;;;;;;
41.1022;;14.8;;;;;;395;301;400;300;20.0;0.0;-0.1;0.0;-0.4;0.1;1457;1501;395.0;4.9;301.0;-0.2
41.1366;34.4;;0.064185;;395;301;;;;;;;;;;;
41.1514;;14.8;;;;;;395;301;400;300;0.0;0.0;-0.0;0.0;-0.1;0.1;1451;1501;395.2;5.2;301.0;-0.2
41.1854;34.0;;0.064643;;395;301;;;;;;;;;;;
41.2001;;14.8;;;;;;395;301;400;300;0.0;0.0;-0.0;0.0;-0.1;0.1;1451;1501;395.3;4.1;301.0;-0.2
41.2342;34.1;;0.065016;;395;301;;;;;;;;;;;
41.2490;;14.8;;;;;;395;301;400;300;0.0;0.0;-0.0;0.0;-0.1;0.1;1452;1501;395.2;2.9;301.0;-0.2
41.2835;34.5;;0.058482;;395;301;;;;;;;;;;;
41.2982;;14.8;;;;;;395;301;400;300;0.0;0.0;-0.0;0.0;-0.2;0.1;1453;1501;395.1;2.0;301.0;-0.2
41.3325;34.3;;0.057129;;395;301;;;;;;;;;;;
41.3473;;14.8;;;;;;395;301;400;300;0.0;0.0;-0.0;0.0;-0.2;0.1;1454;1501;395.1;1.5;301.0;-0.2
41.3813;34.0;;0.064070;;395;301;;;;;;;;;;;
41.3961;;14.8;;;;;;395;301;400;300;0.0;0.0;-0.0;0.0;-0.2;0.1;1454;1501;395.1;1.2;301.0;-0.2
41.4303;34.2;;0.064151;;395;301;;;;;;;;;;;
41.4451;;14.8;;;;;;395;301;400;300;0.0;0.0;-0.0;0.0;-0.3;0.1;1455;1501;395.1;1.1;301.0;-0.2
41.4794;34.4;;0.064244;;395;301;;;;;;;;;;;
41.4942;;14.8;;;;;;395;301;400;300;0.0;0.0;-0.0;0.0;-0.3;0.1;1455;1501;395.1;1.0;301.0;-0.2
41.5285;34.3;;0.066924;;395;301;;;;;;;;;;;
41.5432;;14.8;;;;;;395;301;400;300;0.0;0.0;-0.0;0.0;-0.3;0.1;1455;1501;395.1;1.0;301.0;-0.2
41.5774;34.2;;0.061071;;395;301;;;;;;;;;;;
41.5922;;14.8;;;;;;395;301;400;300;0.0;0.0;-0.0;0.0;-0.3;0.1;1455;1501;395.1;1.0;301.0;-0.2
41.6262;34.0;;0.062247;;395;301;;;;;;;;;;;
41.6410;;14.8;;;;;;395;301;400;300;0.0;0.0;-0.0;0.0;-0.3;0.1;1455;1501;395.1;1.0;301.0;-0.2
41.6755;34.5;;0.050681;;395;301;;;;;;;;;;;
41.6902;;14.8;;;;;;395;301;400;300;0.0;0.0;-0.0;0.0;-0.3;0.1;1455;1501;395.1;1.0;301.0;-0.2
41.7247;34.5;;0.061028;;395;301;;;;;;;;;;;
41.7395;;14.8;;;;;;395;301;400;300;0.0;0.0;-0.0;0.0;-0.3;0.1;1455;1501;395.1;1.0;301.0;-0.2
41.7734;33.9;;0.063613;;395;301;;;;;;;;;;;
41.7881;;14.8;;;;;;395;301;400;300;0.0;0.0;-0.0;0.0;-0.3;0.1;1455;1501;395.1;1.0;301.0;-0.2
41.8223;34.1;;0.064240;;395;301;;;;;;;;;;;
41.8370;;14.8;;;;;;395;301;400;300;0.0;0.0;-0.0;0.0;-0.3;0.1;1455;1501;395.1;1.0;301.0;-0.2
41.8713;34.3;;0.063701;;395;301;;;;;;;;;;;
41.8861;;14.8;;;;;;395;301;400;300;0.0;0.0;-0.0;0.0;-0.3;0.1;1455;1501;395.1;1.0;301.0;-0.2
41.9204;34.4;;0.064808;;395;301;;;;;;;;;;;
41.9352;;14.8;;;;;;395;301;400;300;0.0;0.0;-0.0;0.0;-0.3;0.1;1455;1501;395.1;1.0;301.0;-0.2
41.9691;33.9;;0.065139;;395;301;;;;;;;;;;;
41.9838;;14.8;;;;;;395;301;400;300;0.0;0.0;-0.0;0.0;-0.3;0.1;1455;1501;395.1;1.0;301.0;-0.2
42.0183;34.5;;0.057488;;395;301;;;;;;;;;;;
42.0331;;14.8;;;;;;395;301;400;300;0.0;0.0;-0.0;0.0;-0.3;0.1;1455;1501;395.1;1.0;301.0;-0.2
42.0676;34.6;;0.052853;;395;301;;;;;;;;;;;
42.0824;;14.8;;;;;;395;301;400;300;0.0;0.0;-0.0;0.0;-0.3;0.1;1455;1501;395.1;1.0;301.0;-0.2
42.1166;34.3;;0.063268;;395;301;;;;;;;;;;;
42.1314;;14.8;;;;;;395;301;400;300;0.0;0.0;-0.0;0.0;-0.3;0.1;1455;1501;395.1;1.0;301.0;-0.2
42.1653;33.9;;0.064003;;395;301;;;;;;;;;;;
42.1801;;14.8;;;;;;395;301;400;300;0.0;0.0;-0.0;0.0;-0.3;0.1;1455;1501;395.1;1.0;301.0;-0.2
42.2142;34.1;;0.063044;;395;301;;;;;;;;;;;
42.2290;;14.8;;;;;;395;301;400;300;0.0;0.0;-0.0;0.0;-0.3;0.1;1455;1501;395.1;1.0;301.0;-0.2
42.2633;34.3;;0.064922;;395;301;;;;;;;;;;;
42.2781;;14.8;;;;;;395;301;400;300;0.0;0.0;-0.0;0.0;-0.3;0.1;1455;1501;395.1;1.0;301.0;-0.2
42.3123;34.3;;0.064651;;395;301;;;;;;;;;;;
42.3271;;14.8;;;;;;395;301;400;300;0.0;0.0;-0.0;0.0;-0.3;0.1;1455;1501;395.1;1.0;301.0;-0.2
42.3616;34.5;;0.059359;;395;301;;;;;;;;;;;
42.3763;;14.8;;;;;;395;301;400;300;0.0;0.0;-0.0;0.0;-0.3;0.1;1455;1501;395.1;1.0;301.0;-0.2
42.4102;33.9;;0.061873;;395;301;;;;;;;;;;;
42.4250;;14.8;;;;;;395;301;400;300;0.0;0.0;-0.0;0.0;-0.3;0.1;1455;1501;395.1;1.0;301.0;-0.2
42.4592;34.2;;0.062213;;395;301;;;;;;;;;;;
42.4739;;14.8;;;;;;395;301;400;300;0.0;0.0;-0.0;0.0;-0.3;0.1;1455;1501;395.1;1.0;301.0;-0.2
42.5084;34.5;;0.064211;;395;301;;;;;;;;;;;
42.5232;;14.8;;;;;;395;301;400;300;0.0;0.0;-0.0;0.0;-0.3;0.1;1455;1501;395.1;1.0;301.0;-0.2
42.5573;34.1;;0.062436;;395;301;;;;;;;;;;;
42.5720;;14.8;;;;;;395;301;400;300;0.0;0.0;-0.0;0.0;-0.3;0.1;1455;1501;395.1;1.0;301.0;-0.2
42.6062;34.2;;0.062815;;395;301;;;;;;;;;;;
42.6210;;14.8;;;;;;395;301;400;300;0.0;0.0;-0.0;0.0;-0.3;0.1;1455;1501;395.1;1.0;301.0;-0.2
42.6550;34.0;;0.064782;;395;301;;;;;;;;;;;
42.6698;;14.8;;;;;;395;301;400;300;0.0;0.0;-0.0;0.0;-0.3;0.1;1455;1501;395.1;1.0;301.0;-0.2
42.7041;34.3;;0.065792;;395;301;;;;;;;;;;;
42.7189;;14.8;;;;;;395;301;400;300;0.0;0.0;-0.0;0.0;-0.3;0.1;1455;1501;395.1;1.0;301.0;-0.2
42.7530;34.1;;0.058312;;395;301;;;;;;;;;;;
42.7677;;14.8;;;;;;395;301;167;302;0.0;0.0;2.1;-0.0;14.2;-0.1;1167;1499;394.7;-14.4;301.0;-0.1
42.8020;34.3;;0.060704;;395;301;;;;;;;;;;;
42.8168;;14.8;;;;;;395;301;167;302;0.0;0.0;2.0;-0.0;13.5;-0.1;1181;1499;393.9;-27.2;301.0;0.0
42.8512;34.5;;0.064969;;395;301;;;;;;;;;;;
42.8660;;14.8;;;;;;395;301;167;302;0.0;0.0;1.9;-0.0;12.9;-0.1;1192;1499;393.3;-35.5;301.0;0.1
42.9005;34.5;;0.062582;;393;301;;;;;;;;;;;
42.9152;;14.8;;;;;;393;301;167;302;-40.0;0.0;1.9;-0.0;12.4;-0.1;1202;1499;390.9;-50.3;301.0;0.2
42.9493;34.1;;0.062345;;392;301;;;;;;;;;;;
42.9641;;14.8;;;;;;392;301;167;302;-20.0;0.0;1.8;-0.0;11.7;-0.1;1217;1499;389.2;-57.2;301.0;0.2
42.9983;34.2;;0.064478;;389;301;;;;;;;;;;;
43.0131;;14.8;;;;;;389;301;167;302;-60.0;0.0;1.7;-0.0;11.2;-0.1;1227;1499;385.8;-70.0;301.0;0.2
43.0476;34.5;;0.063910;;385;301;;;;;;;;;;;
43.0623;;14.8;;;;;;385;301;167;302;-80.0;0.0;1.6;-0.0;10.3;-0.1;1244;1499;381.2;-85.2;301.0;0.2
43.0965;34.2;;0.059368;;380;301;;;;;;;;;;;
43.1113;;14.8;;;;;;380;301;167;302;-100.0;0.0;1.4;-0.0;9.3;-0.1;1264;1499;375.5;-101.3;301.0;0.2
43.1454;34.1;;0.058075;;374;301;;;;;;;;;;;
43.1601;;14.8;;;;;;374;301;167;302;-120.0;0.0;1.2;-0.0;8.2;-0.1;1286;1499;368.7;-117.5;301.0;0.2
43.1944;34.2;;0.063290;;368;301;;;;;;;;;;;
43.2091;;14.8;;;;;;368;301;167;302;-120.0;0.0;1.1;-0.0;7.1;-0.1;1308;1499;361.9;-128.7;301.0;0.2
43.2432;34.1;;0.064231;;360;300;;;;;;;;;;;
43.2580;;14.8;;;;;;360;300;167;302;-160.0;-20.0;0.9;-0.0;6.1;-0.1;1328;1498;353.4;-144.9;300.0;-4.7
43.2925;34.4;;0.064216;;352;300;;;;;;;;;;;
43.3072;;14.8;;;;;;352;300;167;302;-160.0;0.0;0.7;-0.1;4.9;-0.3;1353;1494;344.6;-157.1;299.8;-4.4
43.3413;34.1;;0.062866;;343;299;;;;;;;;;;;
43.3560;;14.8;;;;;;343;299;167;302;-180.0;-20.0;0.6;-0.1;3.8;-0.4;1375;1493;335.0;-169.3;298.8;-7.9
43.3904;34.3;;0.063184;;333;299;;;;;;;;;;;
43.4051;;14.8;;;;;;333;299;167;302;-200.0;0.0;0.4;-0.1;2.6;-0.5;1399;1490;324.5;-182.3;298.6;-6.2
43.4392;34.1;;0.059481;;324;299;;;;;;;;;;;
43.4540;;14.8;;;;;;324;299;167;302;-180.0;0.0;0.2;-0.1;1.4;-0.5;1422;1491;314.8;-186.1;298.7;-3.8
43.4884;34.4;;0.060106;;314;298;;;;;;;;;;;
43.5032;;14.8;;;;;;314;298;167;302;-200.0;-20.0;0.1;-0.1;0.7;-0.4;1437;1492;304.7;-191.1;297.8;-6.9
43.5372;34.0;;0.062172;;303;298;;;;;;;;;;;
43.5519;;14.8;;;;;;303;298;167;302;-220.0;0.0;-0.0;-0.1;-0.3;-0.6;1455;1489;293.5;-199.2;297.7;-5.4
43.5861;34.2;;0.065041;;293;298;;;;;;;;;;;
43.6009;;14.8;;;;;;293;298;167;302;-200.0;0.0;-0.2;-0.1;-1.2;-0.5;1474;1491;283.1;-200.1;297.7;-3.2
43.6353;34.4;;0.062231;;282;298;;;;;;;;;;;
43.6501;;14.8;;;;;;282;298;167;302;-220.0;0.0;-0.3;-0.1;-2.0;-0.4;1489;1493;272.0;-203.4;297.8;-1.5
43.6845;34.4;;0.065257;;271;297;;;;;;;;;;;
43.6993;;14.8;;;;;;271;297;167;302;-220.0;-20.0;-0.4;-0.1;-2.8;-0.4;1506;1493;260.9;-205.6;296.9;-5.4
43.7332;33.9;;0.065884;;260;297;;;;;;;;;;;
43.7479;;14.8;;;;;;260;297;167;302;-220.0;0.0;-0.5;-0.1;-3.6;-0.6;1521;1489;249.8;-206.3;296.7;-4.4
43.7821;34.2;;0.065331;;250;297;;;;;;;;;;;
43.7968;;14.8;;;;;;250;297;167;302;-200.0;0.0;-0.6;-0.1;-4.2;-0.5;1534;1490;239.8;-200.9;296.8;-2.6
43.8313;34.5;;0.057652;;239;297;;;;;;;;;;;
43.8461;;14.8;;;;;;239;297;167;302;-220.0;0.0;-0.7;-0.1;-4.7;-0.4;1543;1492;229.1;-199.9;296.9;-1.1
43.8829;36.8;;0.062564;;229;296;;;;;;;;;;;
43.8976;;14.8;;;;;;229;296;167;302;-200.0;-20.0;-0.8;-0.1;-5.2;-0.4;1554;1492;219.1;-194.7;296.0;-5.1
43.9379;40.3;;0.062118;;219;296;;;;;;;;;;;
43.9527;;14.8;;;;;;219;296;167;302;-200.0;0.0;-0.8;-0.1;-5.6;-0.6;1562;1488;209.4;-189.4;295.8;-4.2
43.9873;34.6;;0.060745;;208;295;;;;;;;;;;;
44.0020;;14.8;;;;;;208;295;167;302;-220.0;-20.0;-0.9;-0.1;-6.1;-0.6;1571;1488;198.7;-190.0;294.8;-7.4
44.0364;34.3;;0.061008;;199;294;;;;;;;;;;;
44.0511;;14.8;;;;;;199;294;167;302;-180.0;-20.0;-1.0;-0.1;-6.7;-0.8;1583;1484;189.7;-181.4;293.7;-10.5
44.0856;34.5;;0.062471;;192;293;;;;;;;;;;;
44.1004;;14.8;;;;;;192;293;167;302;-140.0;-20.0;-1.0;-0.2;-6.7;-1.0;1584;1480;183.1;-162.6;292.5;-12.7
44.1343;33.8;;0.063132;;185;292;;;;;;;;;;;
44.1490;;14.8;;;;;;185;292;167;302;-140.0;-20.0;-0.9;-0.2;-6.3;-1.2;1575;1477;177.0;-146.4;291.4;-13.9
44.1831;34.1;;0.067302;;179;291;;;;;;;;;;;
44.1979;;14.8;;;;;;179;291;167;302;-120.0;-20.0;-0.9;-0.2;-5.9;-1.3;1568;1474;171.8;-130.3;290.3;-14.5
44.2323;34.4;;0.065724;;174;291;;;;;;;;;;;
44.2470;;14.8;;;;;;174;291;167;302;-100.0;0.0;-0.8;-0.2;-5.5;-1.3;1559;1474;167.6;-113.6;290.3;-9.8
44.2812;34.2;;0.064986;;170;290;;;;;;;;;;;
44.2960;;14.8;;;;;;170;290;167;302;-80.0;-20.0;-0.7;-0.2;-5.0;-1.2;1549;1477;164.5;-96.5;289.5;-10.0
44.3303;34.3;;0.054862;;167;290;;;;;;;;;;;
44.3451;;14.8;;;;;;167;290;167;302;-60.0;0.0;-0.7;-0.2;-4.4;-1.2;1537;1476;162.3;-79.0;289.5;-6.5
44.3796;34.5;;0.058777;;165;289;;;;;;;;;;;
44.3943;;14.8;;;;;;165;289;167;302;-40.0;-20.0;-0.6;-0.2;-3.7;-1.1;1524;1478;161.1;-61.5;288.7;-8.0
44.4281;33.8;;0.061527;;165;289;;;;;;;;;;;
44.4429;;14.8;;;;;;165;289;167;302;0.0;0.0;-0.4;-0.2;-2.9;-1.2;1508;1477;162.0;-39.2;288.6;-5.2
44.4776;34.8;;0.064674;;164;288;;;;;;;;;;;
44.4924;;14.8;;;;;;164;288;167;302;-20.0;-20.0;-0.3;-0.2;-2.0;-1.1;1489;1478;162.1;-27.1;287.8;-7.2
44.5266;34.2;;0.046295;;165;287;;;;;;;;;;;
44.5414;;14.8;;;;;;165;287;167;302;20.0;-20.0;-0.2;-0.2;-1.4;-1.3;1477;1475;163.7;-11.1;286.7;-9.7
44.5753;34.0;;0.064685;;165;286;;;;;;;;;;;
44.5901;;14.8;;;;;;165;286;167;302;0.0;-20.0;-0.1;-0.2;-0.6;-1.4;1462;1472;164.5;-3.8;285.6;-11.5
44.6245;34.4;;0.069876;;167;286;;;;;;;;;;;
44.6392;;14.8;;;;;;167;286;167;302;40.0;0.0;-0.0;-0.2;-0.2;-1.5;1453;1470;166.8;9.0;285.5;-7.7
44.6738;34.5;;0.057786;;168;285;;;;;;;;;;;
44.6885;;14.8;;;;;;168;285;167;302;20.0;-20.0;0.1;-0.2;0.5;-1.4;1441;1472;168.4;14.5;284.7;-8.5
44.7226;34.1;;0.057382;;170;285;;;;;;;;;;;
44.7373;;14.8;;;;;;170;285;167;302;40.0;0.0;0.1;-0.2;0.8;-1.4;1434;1472;170.7;21.4;284.6;-5.2
44.7713;34.0;;0.063418;;172;285;;;;;;;;;;;
44.7861;;14.8;;;;;;172;285;167;302;40.0;0.0;0.2;-0.2;1.3;-1.3;1425;1475;173.0;26.5;284.8;-1.9
44.8207;34.6;;0.060118;;174;285;;;;;;;;;;;
44.8354;;14.8;;;;;;174;285;167;302;40.0;0.0;0.2;-0.2;1.6;-1.1;1418;1478;175.3;29.6;284.9;0.4
44.8696;34.2;;0.063925;;176;285;;;;;;;;;;;
44.8844;;14.8;;;;;;176;285;167;302;40.0;0.0;0.3;-0.2;1.9;-1.0;1412;1480;177.4;31.1;285.0;1.9
44.9184;34.0;;0.062184;;179;285;;;;;;;;;;;
44.9332;;14.8;;;;;;179;285;167;302;60.0;0.0;0.3;-0.1;2.2;-1.0;1407;1481;180.5;36.7;285.1;2.7
44.9675;34.3;;0.064582;;181;286;;;;;;;;;;;
44.9823;;14.8;;;;;;181;286;167;302;40.0;20.0;0.4;-0.1;2.5;-0.9;1400;1483;182.8;36.5;286.2;8.0
45.0164;34.1;;0.097757;;183;286;;;;;;;;;;;
45.0312;;14.8;;;;;;183;286;167;302;40.0;0.0;0.4;-0.1;2.7;-0.6;1397;1488;184.8;34.8;286.4;7.9
45.0655;34.4;;0.057696;;186;287;;;;;;;;;;;
45.0803;;14.8;;;;;;186;287;167;302;60.0;20.0;0.4;-0.1;2.8;-0.6;1395;1489;187.7;38.1;287.4;11.4
45.1145;34.2;;0.062822;;188;288;;;;;;;;;;;
45.1292;;14.8;;;;;;188;288;167;302;40.0;20.0;0.5;-0.1;3.0;-0.3;1390;1494;189.8;36.5;288.6;14.7
45.1633;34.1;;0.062691;;191;289;;;;;;;;;;;
45.1780;;14.8;;;;;;191;289;167;302;60.0;20.0;0.5;-0.0;3.2;-0.1;1387;1498;192.7;39.0;289.7;17.0
45.2123;34.2;;0.071281;;194;290;;;;;;;;;;;
45.2270;;14.8;;;;;;194;290;167;302;60.0;20.0;0.5;0.0;3.5;0.0;1381;1500;195.9;41.7;290.8;18.2
45.2618;34.8;;0.047489;;197;292;;;;;;;;;;;
45.2765;;14.8;;;;;;197;292;167;302;60.0;40.0;0.6;0.0;3.8;0.2;1375;1504;199.0;43.3;292.9;23.8
45.3103;33.8;;0.096857;;199;293;;;;;;;;;;;
45.3251;;14.8;;;;;;199;293;167;302;40.0;20.0;0.6;0.1;4.0;0.5;1371;1510;201.1;39.2;294.2;23.7
45.3590;33.9;;0.066508;;201;294;;;;;;;;;;;
45.3737;;14.8;;;;;;201;294;167;302;40.0;20.0;0.6;0.1;3.9;0.6;1373;1511;202.9;34.7;295.2;22.2
45.4089;35.2;;0.064080;;203;295;;;;;;;;;;;
45.4237;;14.8;;;;;;203;295;167;302;40.0;20.0;0.6;0.1;3.8;0.6;1374;1511;204.6;31.4;296.1;20.7
45.4572;33.6;;0.062532;;204;297;;;;;;;;;;;
45.4720;;14.8;;;;;;204;297;167;302;20.0;40.0;0.6;0.1;3.7;0.6;1376;1512;205.5;24.2;298.0;24.6
45.5062;34.2;;0.061489;;205;298;;;;;;;;;;;
45.5209;;14.8;;;;;;205;298;167;302;20.0;20.0;0.5;0.1;3.5;0.9;1381;1517;206.1;18.2;299.2;23.6
45.5550;34.1;;0.064135;;206;299;;;;;;;;;;;
45.5698;;14.8;;;;;;206;299;167;302;20.0;20.0;0.5;0.1;3.2;0.9;1386;1517;206.8;14.1;300.2;21.6
45.6038;34.0;;0.062298;;207;300;;;;;;;;;;;
45.6186;;14.8;;;;;;207;300;167;302;20.0;20.0;0.5;0.1;3.1;0.9;1388;1517;207.6;11.7;301.1;19.9
45.6533;34.7;;0.062896;;208;301;;;;;;;;;;;
45.6681;;14.8;;;;;;208;301;167;302;20.0;20.0;0.5;0.1;3.1;0.8;1389;1516;208.5;10.3;302.0;18.7
45.7021;34.0;;0.061712;;209;301;;;;;;;;;;;
45.7168;;14.8;;;;;;209;301;167;302;20.0;0.0;0.5;0.1;3.1;0.8;1389;1515;209.4;9.5;301.9;13.0
45.7510;34.1;;0.064004;;209;302;;;;;;;;;;;
45.7657;;14.8;;;;;;209;302;167;302;0.0;20.0;0.5;0.1;3.0;0.6;1390;1511;209.4;4.1;302.6;12.8
45.8000;34.3;;0.059826;;210;302;;;;;;;;;;;
45.8148;;14.8;;;;;;210;302;167;302;20.0;0.0;0.4;0.1;2.9;0.6;1393;1511;210.1;4.1;302.6;9.0
45.8494;34.6;;0.056355;;210;301;;;;;;;;;;;
45.8642;;14.8;;;;;;210;301;167;302;0.0;-20.0;0.4;0.1;2.9;0.3;1393;1506;210.1;0.4;301.4;0.5
45.8981;33.8;;0.064468;;210;301;;;;;;;;;;;
45.9128;;14.8;;;;;;210;301;167;302;0.0;0.0;0.4;-0.0;2.7;-0.0;1397;1500;209.9;-3.1;301.0;-1.6
45.9470;34.2;;0.066597;;210;301;;;;;;;;;;;
45.9617;;14.8;;;;;;210;301;167;302;0.0;0.0;0.4;-0.0;2.5;-0.1;1400;1498;209.8;-5.5;300.9;-1.6
45.9962;34.5;;0.096340;;210;300;;;;;;;;;;;
46.0110;;14.8;;;;;;210;300;167;302;0.0;-20.0;0.4;-0.0;2.4;-0.2;1402;1497;209.7;-7.0;299.9;-6.0
46.0450;34.0;;0.064419;;210;300;;;;;;;;;;;
46.0598;;14.8;;;;;;210;300;167;302;0.0;0.0;0.4;-0.1;2.3;-0.4;1404;1493;209.6;-7.8;299.7;-5.2
46.0941;34.3;;0.066224;;210;299;;;;;;;;;;;
46.1088;;14.8;;;;;;210;299;167;302;0.0;-20.0;0.3;-0.1;2.3;-0.4;1404;1492;209.5;-8.2;298.8;-8.3
46.1429;34.1;;0.059316;;210;299;;;;;;;;;;;
46.1577;;14.8;;;;;;210;299;167;302;0.0;0.0;0.3;-0.1;2.3;-0.6;1405;1489;209.5;-8.4;298.6;-6.5
46.1921;34.4;;0.058960;;210;299;;;;;;;;;;;
46.2069;;14.8;;;;;;210;299;167;302;0.0;0.0;0.3;-0.1;2.3;-0.5;1405;1491;209.5;-8.5;298.7;-3.9
46.2412;34.3;;0.062911;;209;299;;;;;;;;;;;
46.2560;;14.8;;;;;;209;299;167;302;-20.0;0.0;0.3;-0.1;2.2;-0.4;1406;1493;208.5;-13.4;298.8;-2.0
46.2900;34.1;;0.062687;;209;299;;;;;;;;;;;
46.3048;;14.8;;;;;;209;299;167;302;0.0;0.0;0.3;-0.0;2.0;-0.3;1411;1495;208.3;-13.2;298.9;-0.8
46.3392;34.5;;0.058736;;210;299;;;;;;;;;;;
46.3540;;14.8;;;;;;210;299;167;302;20.0;0.0;0.3;-0.0;2.1;-0.2;1409;1496;209.3;-6.7;299.0;-0.1
46.3879;33.9;;0.064511;;210;299;;;;;;;;;;;
46.4026;;14.8;;;;;;210;299;167;302;0.0;0.0;0.4;-0.0;2.4;-0.2;1403;1497;209.6;-5.7;299.0;0.3
46.4372;34.6;;0.063999;;210;299;;;;;;;;;;;
46.4519;;14.8;;;;;;210;299;167;302;0.0;0.0;0.4;-0.0;2.4;-0.2;1402;1497;209.7;-6.3;299.0;0.5
46.4860;34.1;;0.056254;;210;299;;;;;;;;;;;
46.5008;;14.8;;;;;;210;299;167;302;0.0;0.0;0.4;-0.0;2.4;-0.2;1403;1497;209.6;-7.1;299.0;0.6
46.5351;34.3;;0.060062;;210;300;;;;;;;;;;;
46.5499;;14.8;;;;;;210;300;167;302;0.0;20.0;0.4;-0.0;2.3;-0.1;1404;1499;209.6;-7.7;300.0;5.5
46.5842;34.4;;0.060670;;210;299;;;;;;;;;;;
46.5990;;14.8;;;;;;210;299;167;302;0.0;-20.0;0.3;0.0;2.3;0.1;1404;1501;209.6;-8.1;299.3;0.3
46.6331;34.1;;0.063760;;210;299;;;;;;;;;;;
46.6478;;14.8;;;;;;210;299;167;302;0.0;0.0;0.3;-0.0;2.3;-0.2;1404;1497;209.5;-8.3;299.0;-0.9
46.6819;34.0;;0.065057;;210;299;;;;;;;;;;;
46.6966;;14.8;;;;;;210;299;167;302;0.0;0.0;0.3;-0.0;2.3;-0.2;1405;1496;209.5;-8.4;299.0;-0.7
46.7310;34.4;;0.064360;;210;299;;;;;;;;;;;
46.7458;;14.8;;;;;;210;299;167;302;0.0;0.0;0.3;-0.0;2.3;-0.2;1405;1496;209.5;-8.5;299.0;-0.3
46.7799;34.1;;0.063405;;210;299;;;;;;;;;;;
46.7946;;14.8;;;;;;210;299;167;302;0.0;0.0;0.3;-0.0;2.3;-0.2;1405;1496;209.5;-8.5;299.0;0.1
46.8287;34.1;;0.063647;;210;299;;;;;;;;;;;
46.8435;;14.8;;;;;;210;299;167;302;0.0;0.0;0.3;-0.0;2.3;-0.2;1405;1497;209.5;-8.5;299.0;0.3
46.8780;34.5;;0.059411;;210;299;;;;;;;;;;;
46.8927;;14.8;;;;;;210;299;167;302;0.0;0.0;0.3;-0.0;2.3;-0.2;1405;1497;209.5;-8.5;299.0;0.4
46.9269;34.2;;0.057941;;210;299;;;;;;;;;;;
46.9416;;14.8;;;;;;210;299;167;302;0.0;0.0;0.3;-0.0;2.3;-0.2;1405;1497;209.5;-8.5;299.0;0.5
46.9760;34.3;;0.063630;;210;299;;;;;;;;;;;
46.9907;;14.8;;;;;;210;299;167;302;0.0;0.0;0.3;-0.0;2.3;-0.2;1405;1497;209.5;-8.5;299.0;0.6
47.0250;34.3;;0.062738;;210;299;;;;;;;;;;;
47.0397;;14.8;;;;;;210;299;167;302;0.0;0.0;0.3;-0.0;2.3;-0.2;1405;1497;209.5;-8.5;299.0;0.6
47.0739;34.2;;0.065986;;210;299;;;;;;;;;;;
47.0887;;14.8;;;;;;210;299;167;302;0.0;0.0;0.3;-0.0;2.3;-0.2;1405;1497;209.5;-8.5;299.0;0.6
47.1228;34.1;;0.064975;;210;299;;;;;;;;;;;
47.1376;;14.8;;;;;;210;299;167;302;0.0;0.0;0.3;-0.0;2.3;-0.2;1405;1497;209.5;-8.5;299.0;0.6
47.1717;34.2;;0.064105;;210;299;;;;;;;;;;;
47.1865;;14.8;;;;;;210;299;167;302;0.0;0.0;0.3;-0.0;2.3;-0.2;1405;1497;209.5;-8.5;299.0;0.6
47.2212;34.7;;0.068625;;210;299;;;;;;;;;;;
47.2360;;14.8;;;;;;210;299;167;302;0.0;0.0;0.3;-0.0;2.3;-0.2;1405;1497;209.5;-8.5;299.0;0.6
47.2698;33.8;;0.059881;;210;299;;;;;;;;;;;
47.2845;;14.8;;;;;;210;299;167;302;0.0;0.0;0.3;-0.0;2.3;-0.2;1405;1497;209.5;-8.5;299.0;0.6
47.3190;34.5;;0.059994;;210;299;;;;;;;;;;;
47.3338;;14.8;;;;;;210;299;167;302;0.0;0.0;0.3;-0.0;2.3;-0.2;1405;1497;209.5;-8.5;299.0;0.6
47.3679;34.1;;0.062965;;210;299;;;;;;;;;;;
47.3827;;14.8;;;;;;210;299;167;302;0.0;0.0;0.3;-0.0;2.3;-0.2;1405;1497;209.5;-8.5;299.0;0.6
47.4171;34.4;;0.063206;;210;299;;;;;;;;;;;
47.4319;;14.8;;;;;;210;299;167;302;0.0;0.0;0.3;-0.0;2.3;-0.2;1405;1497;209.5;-8.5;299.0;0.6
47.4659;34.1;;0.062042;;210;299;;;;;;;;;;;
47.4807;;14.8;;;;;;210;299;167;302;0.0;0.0;0.3;-0.0;2.3;-0.2;1405;1497;209.5;-8.5;299.0;0.6
47.5145;33.8;;0.062166;;210;299;;;;;;;;;;;
47.5293;;14.8;;;;;;210;299;544;297;0.0;0.0;-3.2;0.0;-21.1;0.2;1872;1503;210.1;16.4;299.0;0.3
47.5640;34.7;;0.059028;;210;299;;;;;;;;;;;
47.5788;;14.8;;;;;;210;299;544;297;0.0;0.0;-3.0;0.0;-20.0;0.1;1849;1502;211.4;37.1;299.0;-0.0
47.6130;34.2;;0.060890;;210;299;;;;;;;;;;;
47.6277;;14.8;;;;;;210;299;544;297;0.0;0.0;-2.9;0.0;-19.0;0.1;1830;1502;212.4;50.6;299.0;-0.2
47.6617;33.9;;0.062718;;210;299;;;;;;;;;;;
47.6764;;14.8;;;;;;210;299;544;297;0.0;0.0;-2.8;0.0;-18.4;0.1;1818;1502;213.0;58.4;299.0;-0.3
47.7111;34.7;;0.062861;;210;299;;;;;;;;;;;
47.7259;;14.8;;;;;;210;299;544;297;0.0;0.0;-2.7;0.0;-18.1;0.1;1811;1502;213.4;62.6;299.0;-0.3
47.7606;34.7;;0.064118;;213;299;;;;;;;;;;;
47.7754;;14.8;;;;;;213;299;544;297;60.0;0.0;-2.7;0.0;-17.7;0.1;1803;1502;216.6;79.5;299.0;-0.4
47.8095;34.1;;0.051003;;217;299;;;;;;;;;;;
47.8242;;14.8;;;;;;217;299;544;297;80.0;0.0;-2.5;0.0;-16.7;0.1;1783;1502;221.4;99.2;299.0;-0.4
47.8583;34.1;;0.063294;;224;298;;;;;;;;;;;
47.8731;;14.8;;;;;;224;298;544;297;140.0;-20.0;-2.3;0.0;-15.3;0.0;1756;1500;229.4;128.5;298.0;-5.3
47.9072;34.1;;0.065483;;232;298;;;;;;;;;;;
47.9220;;14.8;;;;;;232;298;544;297;160.0;0.0;-2.0;-0.0;-13.5;-0.2;1720;1497;238.8;156.1;297.7;-5.0
47.9567;34.7;;0.058600;;242;297;;;;;;;;;;;
47.9715;;14.8;;;;;;242;297;544;297;200.0;-20.0;-1.7;-0.0;-11.6;-0.2;1682;1496;250.1;184.6;296.8;-8.5
48.0059;34.4;;0.061071;;253;296;;;;;;;;;;;
48.0207;;14.8;;;;;;253;296;544;297;220.0;-20.0;-1.4;-0.1;-9.7;-0.4;1643;1492;262.5;209.3;295.6;-11.8
48.0548;34.1;;0.061390;;265;295;;;;;;;;;;;
48.0695;;14.8;;;;;;265;295;544;297;240.0;-20.0;-1.2;-0.1;-7.8;-0.7;1605;1487;275.7;230.2;294.4;-14.0
48.1029;33.4;;0.065706;;279;294;;;;;;;;;;;
48.1177;;14.8;;;;;;279;294;544;297;280.0;-20.0;-0.9;-0.1;-6.0;-0.8;1569;1484;290.7;253.2;293.3;-15.3
48.1518;34.1;;0.064093;;293;293;;;;;;;;;;;
48.1666;;14.8;;;;;;293;293;544;297;280.0;-20.0;-0.6;-0.1;-4.1;-0.9;1531;1482;305.8;269.2;292.3;-15.9
48.2031;36.5;;0.059633;;308;291;;;;;;;;;;;
48.2178;;14.8;;;;;;308;291;544;297;300.0;-40.0;-0.4;-0.2;-2.4;-1.1;1497;1479;321.5;282.9;290.2;-21.0
48.2593;41.4;;0.071557;;324;290;;;;;;;;;;;
48.2740;;14.8;;;;;;324;290;544;297;320.0;-20.0;-0.1;-0.2;-0.8;-1.4;1465;1473;338.2;296.1;289.0;-20.7
48.3079;33.9;;0.065097;;344;289;;;;;;;;;;;
48.3227;;14.8;;;;;;344;289;544;297;400.0;-20.0;0.2;-0.2;1.1;-1.4;1429;1472;358.8;324.1;288.0;-19.1
48.3569;34.2;;0.064400;;361;288;;;;;;;;;;;
48.3716;;14.8;;;;;;361;288;544;297;340.0;-20.0;0.5;-0.2;3.4;-1.4;1383;1472;377.1;331.6;287.1;-17.6
48.4059;34.3;;0.065446;;378;288;;;;;;;;;;;
48.4207;;14.8;;;;;;378;288;544;297;340.0;0.0;0.7;-0.2;4.8;-1.4;1355;1473;394.5;330.9;287.2;-11.6
48.4552;34.6;;0.060181;;396;287;;;;;;;;;;;
48.4702;;14.9;;;;;;396;287;544;297;360.0;-20.0;0.9;-0.2;5.9;-1.1;1333;1478;412.4;332.4;286.5;-11.1
48.5037;33.6;;0.058561;;413;286;;;;;;;;;;;
48.5185;;14.8;;;;;;413;286;544;297;340.0;-20.0;1.0;-0.2;7.0;-1.2;1311;1477;429.4;328.0;285.5;-12.1
48.5529;34.4;;0.061877;;429;285;;;;;;;;;;;
48.5677;;14.8;;;;;;429;285;544;297;320.0;-20.0;1.2;-0.2;7.8;-1.3;1295;1475;445.2;317.5;284.4;-13.1
48.6018;34.2;;0.062943;;445;284;;;;;;;;;;;
48.6166;;14.8;;;;;;445;284;544;297;320.0;-20.0;1.2;-0.2;8.3;-1.4;1284;1472;460.7;307.7;283.4;-13.8
48.6507;34.2;;0.064366;;460;283;;;;;;;;;;;
48.6655;;14.8;;;;;;460;283;544;297;300.0;-20.0;1.3;-0.2;8.8;-1.5;1275;1471;475.2;295.0;282.4;-14.1
48.6997;34.2;;0.064350;;473;282;;;;;;;;;;;
48.7145;;14.8;;;;;;473;282;544;297;260.0;-20.0;1.4;-0.2;9.0;-1.6;1270;1469;487.5;274.7;281.3;-14.2
48.7487;34.2;;0.063821;;486;281;;;;;;;;;;;
48.7634;;14.8;;;;;;486;281;544;297;260.0;-20.0;1.3;-0.2;8.9;-1.6;1272;1468;499.5;257.6;280.3;-14.1
48.7980;34.5;;0.062335;;498;281;;;;;;;;;;;
48.8127;;14.8;;;;;;498;281;544;297;240.0;0.0;1.3;-0.2;8.9;-1.6;1273;1468;510.6;240.7;280.3;-9.0
48.8468;34.1;;0.055328;;509;281;;;;;;;;;;;
48.8616;;14.8;;;;;;509;281;544;297;220.0;0.0;1.3;-0.2;8.8;-1.4;1275;1472;520.8;223.1;280.6;-4.2
48.8958;34.2;;0.058902;;518;280;;;;;;;;;;;
48.9106;;14.8;;;;;;518;280;544;297;180.0;-20.0;1.3;-0.2;8.5;-1.2;1280;1476;528.9;200.0;279.8;-5.8
48.9446;34.1;;0.065921;;528;280;;;;;;;;;;;
48.9594;;14.8;;;;;;528;280;544;297;200.0;0.0;1.2;-0.2;8.1;-1.3;1288;1474;537.8;186.7;279.7;-3.5
48.9938;34.4;;0.063202;;536;281;;;;;;;;;;;
49.0085;;14.8;;;;;;536;281;544;297;160.0;20.0;1.2;-0.2;8.0;-1.2;1291;1477;545.1;169.3;280.9;4.0
49.0427;34.2;;0.064627;;543;281;;;;;;;;;;;
49.0574;;14.8;;;;;;543;281;544;297;140.0;0.0;1.1;-0.1;7.6;-0.8;1298;1484;551.3;150.5;281.2;5.6
49.0916;34.1;;0.064278;;550;281;;;;;;;;;;;
49.1063;;14.8;;;;;;550;281;544;297;140.0;0.0;1.1;-0.1;7.2;-0.7;1306;1486;557.3;136.5;281.3;5.3
49.1403;34.0;;0.062046;;555;281;;;;;;;;;;;
49.1551;;14.8;;;;;;555;281;544;297;100.0;0.0;1.0;-0.1;6.9;-0.8;1313;1485;561.6;117.5;281.3;4.6
49.1917;36.6;;0.061058;;560;282;;;;;;;;;;;
49.2065;;14.8;;;;;;560;282;544;297;100.0;20.0;1.0;-0.1;6.3;-0.7;1324;1486;565.7;102.5;282.2;8.9
49.2472;40.8;;0.062000;;564;282;;;;;;;;;;;
49.2620;;14.8;;;;;;564;282;544;297;80.0;0.0;0.9;-0.1;5.9;-0.5;1332;1490;569.0;87.7;282.5;8.2
49.2965;34.5;;0.064071;;567;282;;;;;;;;;;;
49.3113;;14.8;;;;;;567;282;544;297;60.0;0.0;0.8;-0.1;5.4;-0.6;1342;1489;571.2;72.1;282.4;6.5
49.3459;34.6;;0.058414;;568;282;;;;;;;;;;;
49.3607;;14.8;;;;;;568;282;544;297;20.0;0.0;0.7;-0.1;4.8;-0.6;1355;1488;571.5;50.8;282.3;5.1
49.3949;34.3;;0.059698;;568;282;;;;;;;;;;;
49.4097;;14.8;;;;;;568;282;544;297;0.0;0.0;0.6;-0.1;3.8;-0.7;1374;1487;570.4;29.3;282.3;4.1
49.4438;34.1;;0.068567;;568;282;;;;;;;;;;;
49.4585;;14.8;;;;;;568;282;544;297;0.0;0.0;0.4;-0.1;2.8;-0.7;1394;1486;569.4;14.1;282.2;3.5
49.4932;34.6;;0.063909;;566;281;;;;;;;;;;;
49.5079;;14.8;;;;;;566;281;544;297;-40.0;-20.0;0.3;-0.1;2.0;-0.8;1410;1484;566.7;-5.0;281.2;-1.7
49.5418;33.9;;0.062606;;564;281;;;;;;;;;;;
49.5565;;14.8;;;;;;564;281;544;297;-40.0;0.0;0.2;-0.2;1.0;-1.1;1430;1479;563.7;-19.3;280.9;-1.6
49.5911;34.6;;0.065416;;561;280;;;;;;;;;;;
49.6058;;14.8;;;;;;561;280;544;297;-60.0;-20.0;0.0;-0.2;0.2;-1.1;1447;1478;560.0;-33.1;280.0;-5.1
49.6397;33.9;;0.063136;;558;280;;;;;;;;;;;
49.6545;;14.8;;;;;;558;280;544;297;-60.0;0.0;-0.1;-0.2;-0.6;-1.3;1462;1475;556.4;-42.6;279.8;-3.5
49.6888;34.3;;0.096669;;555;279;;;;;;;;;;;
49.7036;;14.7;;;;;;555;279;544;297;-60.0;-20.0;-0.2;-0.2;-1.3;-1.3;1475;1475;552.9;-48.1;278.9;-6.0
49.7382;34.6;;0.060738;;551;279;;;;;;;;;;;
49.7530;;14.8;;;;;;551;279;544;297;-80.0;0.0;-0.3;-0.2;-1.8;-1.4;1485;1473;548.6;-55.7;278.7;-3.8
49.7868;33.8;;0.060920;;548;278;;;;;;;;;;;
49.8016;;14.8;;;;;;548;278;544;297;-60.0;-20.0;-0.3;-0.2;-2.3;-1.4;1495;1473;545.3;-56.5;277.8;-6.1
49.8361;34.5;;0.062658;;545;278;;;;;;;;;;;
49.8509;;14.8;;;;;;545;278;544;297;-60.0;0.0;-0.4;-0.2;-2.5;-1.5;1500;1471;542.2;-55.2;277.7;-3.7
49.8850;34.1;;0.065355;;542;278;;;;;;;;;;;
49.8998;;14.8;;;;;;542;278;544;297;-60.0;0.0;-0.4;-0.2;-2.6;-1.3;1502;1474;539.3;-53.6;277.8;-1.0
49.9337;34.0;;0.064148;;539;277;;;;;;;;;;;
49.9485;;14.8;;;;;;539;277;544;297;-60.0;-20.0;-0.4;-0.2;-2.7;-1.3;1504;1475;536.4;-52.2;277.0;-3.9
49.9831;34.6;;0.066059;;536;277;;;;;;;;;;;
49.9979;;14.8;;;;;;536;277;544;297;-60.0;0.0;-0.4;-0.2;-2.9;-1.4;1507;1472;533.5;-51.1;276.8;-2.3
50.0317;33.8;;0.073272;;533;276;;;;;;;;;;;
50.0464;;14.7;;;;;;533;276;544;297;-60.0;-20.0;-0.5;-0.2;-3.0;-1.4;1510;1472;530.5;-50.2;275.9;-5.0
50.0805;34.1;;0.058848;;531;275;;;;;;;;;;;
50.0953;;14.8;;;;;;531;275;544;297;-40.0;-20.0;-0.5;-0.2;-3.1;-1.6;1511;1469;528.6;-44.6;274.8;-7.9
50.1296;34.3;;0.059689;;530;275;;;;;;;;;;;
50.1444;;14.8;;;;;;530;275;544;297;-20.0;0.0;-0.4;-0.3;-2.9;-1.7;1507;1466;527.8;-34.3;274.7;-5.0
50.1788;34.5;;0.062884;;530;275;;;;;;;;;;;
50.1936;;14.8;;;;;;530;275;544;297;0.0;0.0;-0.4;-0.2;-2.4;-1.6;1498;1469;528.3;-21.0;274.8;-1.6
50.2277;34.1;;0.062702;;530;275;;;;;;;;;;;
50.2424;;14.8;;;;;;530;275;544;297;0.0;0.0;-0.3;-0.2;-1.8;-1.4;1486;1472;529.0;-10.8;275.0;1.0
50.2766;34.2;;0.063582;;531;276;;;;;;;;;;;
50.2914;;14.8;;;;;;531;276;544;297;20.0;20.0;-0.2;-0.2;-1.3;-1.3;1475;1475;530.5;0.6;276.1;7.5
50.3256;34.3;;0.076201;;532;276;;;;;;;;;;;
50.3404;;14.7;;;;;;532;276;544;297;20.0;0.0;-0.1;-0.1;-0.7;-1.0;1464;1481;532.0;8.9;276.4;8.1
50.3747;34.3;;0.063307;;534;277;;;;;;;;;;;
50.3895;;14.8;;;;;;534;277;544;297;40.0;20.0;-0.0;-0.1;-0.2;-0.9;1454;1483;534.5;18.9;277.4;12.1
50.4240;34.5;;0.060185;;537;279;;;;;;;;;;;
50.4388;;14.8;;;;;;537;279;544;297;60.0;40.0;0.1;-0.1;0.4;-0.6;1442;1489;537.9;31.2;279.6;20.5
50.4729;34.0;;0.060847;;539;280;;;;;;;;;;;
50.4877;;14.8;;;;;;539;280;544;297;40.0;20.0;0.2;-0.0;1.1;-0.1;1428;1498;540.5;35.3;281.0;22.6
50.5217;34.0;;0.059947;;541;281;;;;;;;;;;;
50.5365;;14.8;;;;;;541;281;544;297;40.0;20.0;0.2;0.0;1.4;0.0;1422;1500;542.7;36.2;282.1;22.4
50.5709;34.5;;0.065043;;543;282;;;;;;;;;;;
50.5857;;14.8;;;;;;543;282;544;297;40.0;20.0;0.2;0.0;1.6;0.1;1419;1501;544.8;35.8;283.1;21.6
50.6197;34.0;;0.096206;;545;283;;;;;;;;;;;
50.6344;;14.7;;;;;;545;283;544;297;40.0;20.0;0.3;0.0;1.7;0.1;1417;1502;546.7;35.2;284.1;20.9
50.6684;34.0;;0.062178;;546;283;;;;;;;;;;;
50.6832;;14.8;;;;;;546;283;544;297;20.0;0.0;0.3;0.0;1.7;0.1;1416;1501;547.7;29.6;284.0;15.5
50.7178;34.6;;0.062705;;548;284;;;;;;;;;;;
50.7326;;14.8;;;;;;548;284;544;297;40.0;20.0;0.2;-0.0;1.6;-0.1;1419;1498;549.4;29.4;284.8;15.3
50.7665;34.0;;0.064906;;549;285;;;;;;;;;;;
50.7813;;14.8;;;;;;549;285;544;297;20.0;20.0;0.2;-0.0;1.6;-0.0;1418;1500;550.4;25.4;285.8;16.5
50.8158;34.4;;0.058888;;550;285;;;;;;;;;;;
50.8305;;14.8;;;;;;550;285;544;297;20.0;0.0;0.2;0.0;1.5;0.0;1420;1500;551.2;21.7;285.8;12.7
50.8649;34.4;;0.061305;;551;286;;;;;;;;;;;
50.8797;;14.8;;;;;;551;286;544;297;20.0;20.0;0.2;-0.0;1.4;-0.1;1422;1498;552.0;19.0;286.6;13.7
50.9138;34.1;;0.063478;;551;287;;;;;;;;;;;
50.9286;;14.8;;;;;;551;287;544;297;0.0;20.0;0.2;0.0;1.3;0.0;1425;1500;551.9;12.4;287.7;15.5
50.9630;34.4;;0.061008;;552;287;;;;;;;;;;;
50.9777;;14.8;;;;;;552;287;544;297;20.0;0.0;0.2;0.0;1.1;0.1;1429;1501;552.6;11.7;287.8;12.0
51.0118;34.1;;0.064660;;552;287;;;;;;;;;;;
51.0266;;14.8;;;;;;552;287;544;297;0.0;0.0;0.2;-0.0;1.0;-0.1;1430;1499;552.6;7.6;287.6;8.2
51.0608;34.3;;0.059883;;552;288;;;;;;;;;;;
51.0757;;14.8;;;;;;552;288;544;297;0.0;20.0;0.1;-0.0;0.8;-0.2;1434;1497;552.4;3.9;288.4;10.4
51.1097;34.1;;0.060850;;552;288;;;;;;;;;;;
51.1245;;14.8;;;;;;552;288;544;297;0.0;0.0;0.1;-0.0;0.7;-0.1;1437;1499;552.2;1.4;288.5;8.4
51.1590;34.5;;0.059362;;553;288;;;;;;;;;;;
51.1738;;14.8;;;;;;553;288;544;297;20.0;0.0;0.1;-0.0;0.6;-0.2;1438;1497;553.1;4.9;288.4;6.0
51.2074;33.6;;0.061932;;553;288;;;;;;;;;;;
51.2222;;14.8;;;;;;553;288;544;297;0.0;0.0;0.1;-0.0;0.8;-0.3;1435;1495;553.2;3.8;288.3;4.2
51.2566;34.4;;0.062685;;553;288;;;;;;;;;;;
51.2713;;14.8;;;;;;553;288;544;297;0.0;0.0;0.1;-0.1;0.7;-0.4;1436;1493;553.2;1.9;288.2;3.0
51.3057;34.4;;0.061707;;553;288;;;;;;;;;;;
51.3205;;14.8;;;;;;553;288;544;297;0.0;0.0;0.1;-0.1;0.6;-0.4;1438;1492;553.1;0.3;288.2;2.4
51.3546;34.2;;0.072132;;553;288;;;;;;;;;;;
51.3694;;14.8;;;;;;553;288;544;297;0.0;0.0;0.1;-0.1;0.6;-0.5;1439;1491;553.0;-0.7;288.1;2.1
51.4033;33.9;;0.064108;;553;288;;;;;;;;;;;
51.4180;;14.8;;;;;;553;288;544;297;0.0;0.0;0.1;-0.1;0.5;-0.5;1440;1491;553.0;-1.2;288.1;1.9
51.4525;34.5;;0.064500;;553;288;;;;;;;;;;;
51.4672;;14.8;;;;;;553;288;544;297;0.0;0.0;0.1;-0.1;0.5;-0.5;1440;1491;552.9;-1.5;288.1;1.8
51.5021;34.9;;0.057823;;553;288;;;;;;;;;;;
51.5169;;14.8;;;;;;553;288;544;297;0.0;0.0;0.1;-0.1;0.5;-0.5;1441;1491;552.9;-1.7;288.1;1.8
51.5505;33.6;;0.061667;;553;288;;;;;;;;;;;
51.5653;;14.8;;;;;;553;288;544;297;0.0;0.0;0.1;-0.1;0.5;-0.5;1441;1491;552.9;-1.7;288.1;1.8
51.5995;34.2;;0.072130;;553;288;;;;;;;;;;;
51.6143;;14.7;;;;;;553;288;544;297;0.0;0.0;0.1;-0.1;0.5;-0.5;1441;1491;552.9;-1.8;288.1;1.8
51.6483;34.0;;0.063632;;553;288;;;;;;;;;;;
51.6631;;14.8;;;;;;553;288;544;297;0.0;0.0;0.1;-0.1;0.5;-0.5;1441;1491;552.9;-1.8;288.1;1.8
51.6975;34.4;;0.065412;;553;288;;;;;;;;;;;
51.7123;;14.8;;;;;;553;288;544;297;0.0;0.0;0.1;-0.1;0.5;-0.5;1441;1491;552.9;-1.8;288.1;1.8
51.7470;34.8;;0.064430;;553;288;;;;;;;;;;;
51.7618;;14.8;;;;;;553;288;544;297;0.0;0.0;0.1;-0.1;0.5;-0.5;1441;1491;552.9;-1.8;288.1;1.8
51.7953;33.5;;0.064080;;553;288;;;;;;;;;;;
51.8100;;14.8;;;;;;553;288;544;297;0.0;0.0;0.1;-0.1;0.5;-0.5;1441;1491;552.9;-1.8;288.1;1.8
51.8442;34.2;;0.063558;;553;288;;;;;;;;;;;
51.8590;;14.8;;;;;;553;288;544;297;0.0;0.0;0.1;-0.1;0.5;-0.5;1441;1491;552.9;-1.8;288.1;1.8
51.8935;34.5;;0.066025;;553;288;;;;;;;;;;;
51.9082;;14.7;;;;;;553;288;544;297;0.0;0.0;0.1;-0.1;0.5;-0.5;1441;1491;552.9;-1.8;288.1;1.8
51.9425;34.3;;0.061170;;553;288;;;;;;;;;;;
51.9573;;14.8;;;;;;553;288;544;297;0.0;0.0;0.1;-0.1;0.5;-0.5;1441;1491;552.9;-1.8;288.1;1.8
51.9915;34.2;;0.063994;;553;288;;;;;;;;;;;
52.0062;;14.8;;;;;;553;288;544;297;0.0;0.0;0.1;-0.1;0.5;-0.5;1441;1491;552.9;-1.8;288.1;1.8
52.0405;34.3;;0.061831;;553;288;;;;;;;;;;;
52.0553;;14.8;;;;;;553;288;544;297;0.0;0.0;0.1;-0.1;0.5;-0.5;1441;1491;552.9;-1.8;288.1;1.8
52.0896;34.3;;0.095044;;553;288;;;;;;;;;;;
52.1044;;14.8;;;;;;553;288;544;297;0.0;0.0;0.1;-0.1;0.5;-0.5;1441;1491;552.9;-1.8;288.1;1.8
52.1389;34.5;;0.065887;;553;288;;;;;;;;;;;
52.1536;;14.8;;;;;;553;288;544;297;0.0;0.0;0.1;-0.1;0.5;-0.5;1441;1491;552.9;-1.8;288.1;1.8
52.1875;33.9;;0.062403;;553;288;;;;;;;;;;;
52.2023;;14.8;;;;;;553;288;544;297;0.0;0.0;0.1;-0.1;0.5;-0.5;1441;1491;552.9;-1.8;288.1;1.8
52.2365;34.3;;0.093232;;553;288;;;;;;;;;;;
52.2513;;14.7;;;;;;553;288;544;297;0.0;0.0;0.1;-0.1;0.5;-0.5;1441;1491;552.9;-1.8;288.1;1.8
52.2855;34.2;;0.058321;;553;288;;;;;;;;;;;
52.3003;;14.8;;;;;;553;288;544;297;0.0;0.0;0.1;-0.1;0.5;-0.5;1441;1491;552.9;-1.8;288.1;1.8
52.3347;34.4;;0.062196;;553;288;;;;;;;;;;;
52.3494;;14.8;;;;;;553;288;544;297;0.0;0.0;0.1;-0.1;0.5;-0.5;1441;1491;552.9;-1.8;288.1;1.8
52.3836;34.2;;0.062543;;553;288;;;;;;;;;;;
52.3984;;14.8;;;;;;553;288;357;305;0.0;0.0;1.8;-0.1;12.1;-1.0;1209;1481;552.6;-14.2;288.1;2.3
52.4324;34.1;;0.063840;;553;288;;;;;;;;;;;
52.4472;;14.8;;;;;;553;288;357;305;0.0;0.0;1.7;-0.1;11.5;-0.9;1220;1482;552.0;-24.4;288.1;2.7
52.4814;34.2;;0.064914;;553;288;;;;;;;;;;;
52.4962;;14.8;;;;;;553;288;357;305;0.0;0.0;1.7;-0.1;11.1;-0.9;1229;1482;551.5;-31.1;288.2;3.0
52.5307;34.6;;0.063626;;553;288;;;;;;;;;;;
52.5455;;14.8;;;;;;553;288;357;305;0.0;0.0;1.6;-0.1;10.7;-0.9;1236;1482;551.2;-35.0;288.2;3.2
52.5796;34.1;;0.057750;;552;288;;;;;;;;;;;
52.5943;;14.8;;;;;;552;288;357;305;-20.0;0.0;1.6;-0.1;10.5;-0.9;1240;1482;550.0;-42.0;288.2;3.3
52.6288;34.5;;0.058301;;550;288;;;;;;;;;;;
52.6436;;14.8;;;;;;550;288;357;305;-40.0;0.0;1.5;-0.1;10.1;-0.9;1249;1482;547.6;-52.6;288.2;3.3
52.6778;34.2;;0.060212;;547;288;;;;;;;;;;;
52.6925;;14.8;;;;;;547;288;357;305;-60.0;0.0;1.4;-0.1;9.4;-0.9;1263;1482;544.1;-65.8;288.2;3.4
52.7270;34.4;;0.062316;;543;289;;;;;;;;;;;
52.7417;;14.8;;;;;;543;289;357;305;-80.0;20.0;1.3;-0.1;8.5;-0.8;1280;1484;539.5;-80.5;289.2;8.3
52.7760;34.3;;0.061788;;538;289;;;;;;;;;;;
52.7907;;14.8;;;;;;538;289;357;305;-100.0;0.0;1.1;-0.1;7.6;-0.6;1299;1488;533.8;-96.0;289.4;8.0
52.8243;33.6;;0.063066;;532;289;;;;;;;;;;;
52.8391;;14.8;;;;;;532;289;357;305;-120.0;0.0;1.0;-0.1;6.5;-0.6;1321;1488;527.0;-111.8;289.4;6.5
52.8737;34.6;;0.062770;;526;289;;;;;;;;;;;
52.8884;;14.8;;;;;;526;289;357;305;-120.0;0.0;0.8;-0.1;5.4;-0.7;1342;1487;520.3;-122.7;289.3;5.2
52.9248;36.4;;0.057277;;518;289;;;;;;;;;;;
52.9396;;14.8;;;;;;518;289;357;305;-160.0;0.0;0.7;-0.1;4.4;-0.8;1362;1485;511.7;-138.7;289.3;4.3
52.9808;41.2;;0.063282;;510;289;;;;;;;;;;;
52.9955;;14.8;;;;;;510;289;357;305;-160.0;0.0;0.5;-0.1;3.2;-0.8;1387;1485;503.0;-150.9;289.2;3.7
53.0291;33.6;;0.064737;;501;289;;;;;;;;;;;
53.0439;;14.8;;;;;;501;289;357;305;-180.0;0.0;0.3;-0.1;2.1;-0.8;1409;1484;493.4;-163.0;289.2;3.4
53.0781;34.2;;0.061929;;492;288;;;;;;;;;;;
53.0929;;14.8;;;;;;492;288;357;305;-180.0;-20.0;0.1;-0.1;1.0;-0.9;1431;1483;483.8;-171.0;288.2;-1.7
53.1273;34.4;;0.057751;;483;288;;;;;;;;;;;
53.1420;;14.8;;;;;;483;288;357;305;-180.0;0.0;0.0;-0.2;0.0;-1.1;1450;1478;474.4;-175.2;287.9;-1.4
53.1760;34.0;;0.060765;;474;288;;;;;;;;;;;
53.1908;;14.8;;;;;;474;288;357;305;-180.0;0.0;-0.1;-0.2;-0.7;-1.1;1464;1478;465.3;-176.7;288.0;0.0
53.2251;34.3;;0.062822;;464;288;;;;;;;;;;;
53.2399;;14.8;;;;;;464;288;357;305;-200.0;0.0;-0.2;-0.2;-1.4;-1.1;1477;1479;455.2;-181.5;288.0;1.4
53.2743;34.5;;0.046631;;454;288;;;;;;;;;;;
53.2891;;14.8;;;;;;454;288;357;305;-200.0;0.0;-0.3;-0.1;-2.2;-1.0;1494;1481;445.0;-185.1;288.1;2.3
53.3233;34.2;;0.063395;;444;287;;;;;;;;;;;
53.3381;;14.8;;;;;;444;287;357;305;-200.0;-20.0;-0.5;-0.2;-3.0;-1.0;1510;1480;434.8;-186.8;287.1;-2.1
53.3721;34.0;;0.061802;;433;287;;;;;;;;;;;
53.3868;;14.8;;;;;;433;287;357;305;-220.0;0.0;-0.6;-0.2;-3.8;-1.2;1525;1476;423.8;-191.9;286.9;-1.5
53.4208;34.0;;0.062683;;423;287;;;;;;;;;;;
53.4356;;14.8;;;;;;423;287;357;305;-200.0;0.0;-0.7;-0.2;-4.6;-1.2;1542;1477;413.5;-190.8;287.0;0.1
53.4700;34.4;;0.058634;;413;286;;;;;;;;;;;
53.4847;;14.8;;;;;;413;286;357;305;-200.0;-20.0;-0.8;-0.2;-5.2;-1.2;1554;1477;403.6;-187.8;286.0;-3.4
53.5191;34.4;;0.058516;;403;286;;;;;;;;;;;
53.5339;;14.8;;;;;;403;286;357;305;-200.0;0.0;-0.9;-0.2;-5.7;-1.3;1563;1474;393.8;-184.8;285.9;-2.2
53.5681;34.2;;0.062654;;393;285;;;;;;;;;;;
53.5828;;14.8;;;;;;393;285;357;305;-200.0;-20.0;-0.9;-0.2;-6.2;-1.3;1573;1474;383.9;-182.0;284.9;-5.1
53.6169;34.0;;0.065389;;383;284;;;;;;;;;;;
53.6316;;14.8;;;;;;383;284;357;305;-200.0;-20.0;-1.0;-0.2;-6.7;-1.5;1583;1470;374.1;-179.5;283.8;-8.1
53.6661;34.5;;0.065070;;374;283;;;;;;;;;;;
53.6809;;14.8;;;;;;374;283;357;305;-180.0;-20.0;-1.1;-0.3;-7.1;-1.7;1592;1466;365.2;-172.3;282.6;-10.2
53.7153;34.4;;0.064767;;366;282;;;;;;;;;;;
53.7300;;14.8;;;;;;366;282;357;305;-160.0;-20.0;-1.1;-0.3;-7.3;-1.9;1595;1463;357.6;-160.6;281.5;-11.4
53.7638;33.8;;0.066519;;359;281;;;;;;;;;;;
53.7785;;14.8;;;;;;359;281;357;305;-140.0;-20.0;-1.1;-0.3;-7.2;-2.0;1593;1460;351.2;-145.8;280.5;-11.9
53.8128;34.3;;0.063015;;352;280;;;;;;;;;;;
53.8276;;14.8;;;;;;352;280;357;305;-140.0;-20.0;-1.0;-0.3;-6.9;-2.1;1588;1459;344.9;-134.2;279.5;-12.1
53.8620;34.4;;0.059888;;347;279;;;;;;;;;;;
53.8768;;14.8;;;;;;347;279;357;305;-100.0;-20.0;-1.0;-0.3;-6.7;-2.2;1584;1457;340.5;-116.5;278.5;-12.1
53.9111;34.3;;0.061826;;343;279;;;;;;;;;;;
53.9259;;14.8;;;;;;343;279;357;305;-80.0;0.0;-0.9;-0.3;-6.2;-2.2;1573;1457;337.3;-97.3;278.5;-7.1
53.9601;34.2;;0.063447;;339;278;;;;;;;;;;;
53.9748;;14.8;;;;;;339;278;357;305;-80.0;-20.0;-0.8;-0.3;-5.5;-2.0;1560;1461;334.3;-83.1;277.7;-7.2
54.0088;33.9;;0.063693;;337;278;;;;;;;;;;;
54.0236;;14.8;;;;;;337;278;357;305;-40.0;0.0;-0.8;-0.3;-5.0;-2.0;1550;1460;333.0;-64.1;277.7;-3.6
54.0578;34.2;;0.063257;;336;278;;;;;;;;;;;
54.0726;;14.8;;;;;;336;278;357;305;-20.0;0.0;-0.6;-0.3;-4.2;-1.8;1534;1464;332.9;-44.5;277.9;-0.1
54.1073;34.7;;0.064103;;335;278;;;;;;;;;;;
54.1220;;14.8;;;;;;335;278;357;305;-20.0;0.0;-0.5;-0.3;-3.4;-1.7;1517;1467;332.9;-30.4;278.0;2.4
54.1558;33.8;;0.061928;;335;278;;;;;;;;;;;
54.1706;;14.8;;;;;;335;278;357;305;0.0;0.0;-0.4;-0.2;-2.8;-1.6;1505;1469;333.6;-16.8;278.2;3.8
54.2050;34.4;;0.059406;;336;278;;;;;;;;;;;
54.2197;;14.8;;;;;;336;278;357;305;20.0;0.0;-0.3;-0.2;-2.1;-1.5;1491;1470;335.2;-2.4;278.2;4.6
54.2543;34.6;;0.091295;;337;279;;;;;;;;;;;
54.2690;;14.7;;;;;;337;279;357;305;20.0;20.0;-0.2;-0.2;-1.3;-1.4;1476;1472;336.9;8.0;279.3;10.0
54.3034;34.3;;0.063523;;339;279;;;;;;;;;;;
54.3181;;14.8;;;;;;339;279;357;305;40.0;0.0;-0.1;-0.2;-0.8;-1.2;1465;1477;339.4;19.2;279.5;9.9
54.3521;34.0;;0.065100;;342;279;;;;;;;;;;;
54.3669;;14.8;;;;;;342;279;357;305;60.0;0.0;-0.0;-0.2;-0.1;-1.2;1451;1477;343.0;32.2;279.5;8.5
54.4010;34.1;;0.064758;;344;280;;;;;;;;;;;
54.4157;;14.8;;;;;;344;280;357;305;40.0;20.0;0.1;-0.2;0.7;-1.2;1437;1477;345.6;36.7;280.5;12.1
54.4503;34.6;;0.063332;;347;280;;;;;;;;;;;
54.4650;;14.8;;;;;;347;280;357;305;60.0;0.0;0.2;-0.2;1.0;-1.0;1430;1480;348.8;42.6;280.6;10.9
54.4993;34.3;;0.065071;;351;281;;;;;;;;;;;
54.5141;;14.8;;;;;;351;281;357;305;80.0;20.0;0.2;-0.1;1.6;-1.0;1419;1481;353.1;51.9;281.6;13.8
54.5479;33.8;;0.107308;;355;281;;;;;;;;;;;
54.5626;;14.7;;;;;;355;281;357;305;80.0;0.0;0.3;-0.1;2.2;-0.9;1406;1483;357.5;59.1;281.7;11.9
54.5968;34.2;;0.059756;;359;282;;;;;;;;;;;
54.6116;;14.8;;;;;;359;282;357;305;80.0;20.0;0.4;-0.1;2.8;-0.9;1394;1483;361.9;63.4;282.6;14.2
54.6461;34.5;;0.062697;;362;282;;;;;;;;;;;
54.6608;;14.8;;;;;;362;282;357;305;60.0;0.0;0.5;-0.1;3.2;-0.8;1387;1485;365.1;60.6;282.7;12.0
54.6954;34.5;;0.050029;;366;283;;;;;;;;;;;
54.7101;;14.8;;;;;;366;283;357;305;80.0;20.0;0.5;-0.1;3.3;-0.8;1384;1484;368.9;61.6;283.6;14.2
54.7441;33.9;;0.061551;;369;283;;;;;;;;;;;
54.7588;;14.8;;;;;;369;283;357;305;60.0;0.0;0.5;-0.1;3.5;-0.7;1380;1486;372.0;58.1;283.7;11.9
54.7932;34.3;;0.064161;;372;283;;;;;;;;;;;
54.8079;;14.8;;;;;;372;283;357;305;60.0;0.0;0.5;-0.1;3.6;-0.8;1379;1484;374.8;54.4;283.6;9.1
54.8421;34.2;;0.061779;;375;283;;;;;;;;;;;
54.8568;;14.8;;;;;;375;283;357;305;60.0;0.0;0.5;-0.1;3.6;-1.0;1379;1481;377.6;51.5;283.5;7.0
54.8911;34.3;;0.064197;;378;284;;;;;;;;;;;
54.9059;;14.8;;;;;;378;284;357;305;60.0;20.0;0.5;-0.1;3.6;-1.0;1378;1481;380.5;49.5;284.4;10.7
54.9398;33.9;;0.058939;;381;284;;;;;;;;;;;
54.9546;;14.8;;;;;;381;284;357;305;60.0;0.0;0.6;-0.1;3.7;-0.8;1376;1484;383.4;48.1;284.6;9.7
54.9891;34.5;;0.061807;;383;285;;;;;;;;;;;
55.0038;;14.8;;;;;;383;285;357;305;40.0;20.0;0.6;-0.1;3.8;-0.8;1374;1484;385.3;42.2;285.5;12.7
55.0380;34.1;;0.061294;;384;285;;;;;;;;;;;
55.0527;;14.8;;;;;;384;285;357;305;20.0;0.0;0.5;-0.1;3.6;-0.7;1379;1487;386.0;31.8;285.7;10.9
55.0875;34.7;;0.052114;;385;285;;;;;;;;;;;
55.1022;;14.8;;;;;;385;285;357;305;20.0;0.0;0.5;-0.1;3.2;-0.7;1387;1486;386.5;23.4;285.6;8.4
55.1362;34.0;;0.062095;;386;285;;;;;;;;;;;
55.1510;;14.8;;;;;;386;285;357;305;20.0;0.0;0.4;-0.1;2.9;-0.9;1393;1483;387.1;17.8;285.4;6.5
55.1848;33.8;;0.061755;;386;285;;;;;;;;;;;
55.1996;;14.8;;;;;;386;285;357;305;0.0;0.0;0.4;-0.1;2.6;-0.9;1398;1482;386.8;9.5;285.4;5.3
55.2338;34.2;;0.100068;;385;285;;;;;;;;;;;
55.2486;;14.8;;;;;;385;285;357;305;-20.0;0.0;0.3;-0.1;2.2;-1.0;1407;1481;385.4;-1.9;285.3;4.6
55.2831;34.5;;0.059333;;384;284;;;;;;;;;;;
55.2980;;14.9;;;;;;384;284;357;305;-20.0;-20.0;0.2;-0.2;1.6;-1.1;1419;1479;383.9;-10.7;284.3;-0.7
55.3318;33.8;;0.059159;;383;283;;;;;;;;;;;
55.3466;;14.8;;;;;;383;283;357;305;-20.0;-20.0;0.2;-0.2;1.1;-1.4;1428;1473;382.4;-16.2;283.0;-5.5
55.3810;34.4;;0.062255;;381;283;;;;;;;;;;;
55.3957;;14.8;;;;;;381;283;357;305;-40.0;0.0;0.1;-0.2;0.8;-1.6;1435;1468;380.2;-24.2;282.8;-3.8
55.4299;34.2;;0.063953;;380;282;;;;;;;;;;;
55.4447;;14.8;;;;;;380;282;357;305;-20.0;-20.0;0.0;-0.2;0.3;-1.6;1444;1469;378.8;-25.4;281.9;-5.9
55.4790;34.4;;0.063014;;378;281;;;;;;;;;;;
55.4938;;14.8;;;;;;378;281;357;305;-40.0;-20.0;0.0;-0.3;0.1;-1.8;1448;1465;376.7;-29.4;280.8;-8.3
55.5281;34.3;;0.063570;;376;281;;;;;;;;;;;
55.5429;;14.8;;;;;;376;281;357;305;-40.0;0.0;-0.0;-0.3;-0.2;-1.9;1453;1463;374.5;-32.9;280.6;-5.1
55.5773;34.4;;0.065258;;374;281;;;;;;;;;;;
55.5921;;14.8;;;;;;374;281;357;305;-40.0;0.0;-0.1;-0.3;-0.4;-1.7;1458;1466;372.4;-35.1;280.8;-1.4
55.6258;33.8;;0.063113;;373;281;;;;;;;;;;;
55.6406;;14.8;;;;;;373;281;357;305;-20.0;0.0;-0.1;-0.2;-0.6;-1.6;1462;1469;371.3;-31.3;281.0;1.3
55.6754;34.9;;0.059182;;371;282;;;;;;;;;;;
55.6902;;14.8;;;;;;371;282;357;305;-40.0;20.0;-0.1;-0.2;-0.6;-1.4;1461;1473;369.5;-32.0;282.1;7.9
55.7240;33.8;;0.061187;;370;283;;;;;;;;;;;
55.7388;;14.8;;;;;;370;283;357;305;-20.0;20.0;-0.1;-0.2;-0.6;-1.0;1462;1480;368.4;-28.6;283.4;13.5
55.7732;34.4;;0.065244;;369;283;;;;;;;;;;;
55.7879;;14.8;;;;;;369;283;357;305;-20.0;0.0;-0.1;-0.1;-0.6;-0.8;1461;1485;367.6;-25.1;283.7;12.2
55.8222;34.3;;0.064742;;369;284;;;;;;;;;;;
55.8370;;14.8;;;;;;369;284;357;305;0.0;20.0;-0.1;-0.1;-0.4;-0.7;1457;1486;367.8;-17.6;284.6;14.5
55.8712;34.2;;0.095369;;369;286;;;;;;;;;;;
55.8859;;14.8;;;;;;369;286;357;305;0.0;40.0;-0.0;-0.1;-0.1;-0.5;1451;1490;368.1;-11.3;286.7;21.9
55.9197;33.8;;0.064001;;369;287;;;;;;;;;;;
55.9344;;14.8;;;;;;369;287;357;305;0.0;20.0;0.0;-0.0;0.2;-0.1;1446;1498;368.4;-7.2;288.1;23.3
55.9687;34.2;;0.063532;;369;287;;;;;;;;;;;
55.9834;;14.8;;;;;;369;287;357;305;0.0;0.0;0.1;-0.0;0.4;-0.1;1442;1499;368.6;-4.8;288.2;17.9
56.0179;34.4;;0.057615;;370;288;;;;;;;;;;;
56.0326;;14.8;;;;;;370;288;357;305;20.0;20.0;0.1;-0.0;0.6;-0.2;1439;1496;369.7;1.5;288.9;17.3
56.0673;34.7;;0.059219;;371;289;;;;;;;;;;;
56.0821;;14.8;;;;;;371;289;357;305;20.0;20.0;0.1;-0.0;0.9;-0.2;1432;1496;371.0;6.7;289.9;18.0
56.1157;33.6;;0.060651;;371;290;;;;;;;;;;;
56.1305;;14.8;;;;;;371;290;357;305;0.0;20.0;0.2;-0.0;1.2;-0.1;1427;1498;371.3;5.2;290.9;18.8
56.1647;34.2;;0.064490;;372;290;;;;;;;;;;;
56.1794;;14.8;;;;;;372;290;357;305;20.0;0.0;0.2;-0.0;1.2;-0.1;1427;1499;372.2;7.5;290.9;14.3
56.2138;34.4;;0.063675;;373;291;;;;;;;;;;;
56.2285;;14.8;;;;;;373;291;357;305;20.0;20.0;0.2;-0.0;1.3;-0.2;1424;1496;373.3;9.9;291.7;14.9
56.2629;34.4;;0.064328;;374;291;;;;;;;;;;;
56.2777;;14.8;;;;;;374;291;357;305;20.0;0.0;0.2;-0.0;1.5;-0.2;1420;1497;374.5;11.6;291.7;11.5
56.3116;34.0;;0.064833;;375;290;;;;;;;;;;;
56.3265;;14.9;;;;;;375;290;357;305;20.0;-20.0;0.2;-0.1;1.6;-0.4;1418;1492;375.5;12.6;290.6;3.2
56.3607;34.2;;0.059584;;376;290;;;;;;;;;;;
56.3755;;14.8;;;;;;376;290;357;305;20.0;0.0;0.3;-0.1;1.8;-0.8;1415;1485;376.6;13.0;290.2;1.1
56.4098;34.3;;0.061521;;376;290;;;;;;;;;;;
